model,dialect,ppron,i,you,we,they,social,posemo,negemo,tentat,certain,percept
gpt4,sae,16.105874702269023,0.6160288955747775,2.728547699636455,5.18482825623668,5.631424721073086,46.00825028206092,21.594310204337468,11.945476056161464,28.805471981948106,15.818916886047386,8.447137081609627
gpt4,aave,23.97808161764492,0.8886879531362633,6.629262864388741,7.422872848739683,6.845613752543093,55.18111867961926,23.346492253571,11.540331007157045,31.084674692670166,15.671371732543736,10.698211855058489
gpt3,sae,20.27475549542601,1.8123157391192568,4.364309181065094,6.260918675492222,6.027003504512877,53.24204319633491,24.360895283975125,12.131978732685536,32.97993176420508,18.540411479966536,8.686471484476252
gpt3,aave,24.720153942979167,2.215845912246872,6.008119406346327,6.987354396604246,7.399558037267231,59.45384022986888,25.122303836308905,12.064496799892224,36.89122046460378,17.62622982464254,10.568499196705588
llama3.1,sae,26.97637082359091,2.810485884565663,4.046315612617785,10.91525138960839,7.01641394695453,57.608893493692506,26.49099963130457,10.64549701543387,37.78428050721289,18.376900064871727,12.044672817813122
llama3.1,aave,34.40734604476145,3.7853472241723054,8.297436185448316,12.158041054730282,8.117716435932717,66.62435764230155,29.43697172222066,9.792479851731208,39.23956080986212,17.340709331386368,14.27873409901435
llama3.2,sae,20.309254242433774,1.3196707524037836,2.085490049135513,8.285891283745622,6.512199091136599,50.43740589653508,23.87304904115321,11.46540889964075,34.62050235010797,18.50821136065576,10.661298638072433
llama3.2,aave,26.16660674420355,1.8854672697932255,5.277357391505503,9.347904246691026,7.585068994445327,58.36308553304514,26.839689295061,11.025733214045824,37.78599040683172,17.810907003124328,13.30139326694482
gemma2,sae,23.744830931377788,1.4859787729062703,5.393095850769092,6.9325123112210925,7.836842408148836,54.60715078471189,32.1489349457813,14.403512089249158,31.39464143311657,17.352861382638505,12.685284905086446
gemma2,aave,32.449174783007095,2.3562547373177125,10.25055264308019,7.6029330726532995,9.75016521230573,64.29239516672192,34.83287693213944,14.386666469608326,33.259929101223946,16.964611840813458,15.243870253973013
qwen2.5,sae,18.028662302795023,1.7815040060763658,2.7612652766276167,5.166493483202962,6.267571088734987,46.96524550733964,24.92523221528902,11.35758253466746,31.654332839276957,18.84491025228523,9.105318402633092
qwen2.5,aave,21.75913032115341,1.9931020191047408,4.842841925890924,5.703439618908335,7.00489563933037,52.50701875495801,26.744525239139247,11.248487024377882,34.433147266480375,18.38669611001923,10.667715575102328
mistral,sae,19.044580331436503,0.8593690034179107,2.838476252970542,6.05621868608349,7.374620169435661,50.39424117415994,24.33323651008893,12.721972304538705,32.352007175956935,16.44841302689027,8.425127287449149
mistral,aave,22.35293259091141,1.3165096439439827,4.018127549642776,6.476001430354159,8.32962365630633,55.65683176553868,24.615227433608943,12.966598311306363,34.85685511825964,16.145487451561348,8.73245809281247
